Career,Required Skills,Education Level,Job Outlook,Salary Range
Teacher,"Legal Knowledge, Research",Bachelor's,High Growth,$80k-$100k
Data Scientist,"Structural Design, CAD",Bachelor's,Declining,$40k-$60k
Doctor,Environmental Research,Master's,Competitive,$150k+
Blockchain Developer,"Medical Knowledge, Patient Care",Diploma,Emerging,$40k-$60k
Biotechnologist,"Problem-Solving, Algorithms",Bachelor's,Declining,$80k-$100k
Blockchain Developer,"Community Outreach, Counseling",Diploma,Declining,$40k-$60k
Civil Engineer,"Structural Design, CAD",Master's,Competitive,$60k-$80k
Digital Marketer,"Problem-Solving, Algorithms",Bachelor's,Declining,$60k-$80k
Event Planner,"Robot Programming, AI",High School,Competitive,$60k-$80k
Journalist,Environmental Research,High School,Declining,$40k-$60k
Air Traffic Controller,"Legal Knowledge, Research",Master's,Emerging,$80k-$100k
Financial Analyst,"Marketing Strategies, SEO",Bachelor's,High Growth,$100k-$150k
Marine Biologist,Environmental Research,Master's,Declining,$100k-$150k
Physicist,"Network Security, Penetration Testing",Bachelor's,Declining,$150k+
Marine Biologist,"Financial Planning, Risk Analysis",Master's,Declining,$150k+
Cybersecurity Analyst,Environmental Research,High School,Stable,$80k-$100k
Social Worker,"User Research, Wireframing",Master's,Declining,$40k-$60k
Social Worker,"Problem-Solving, Algorithms",PhD,Stable,$60k-$80k
Nurse,"Biology, Lab Research",Diploma,Stable,$80k-$100k
Nurse,"Ethical Hacking, Cyber Defense",PhD,High Growth,$40k-$60k
Cybersecurity Analyst,"Medical Knowledge, Patient Care",High School,High Growth,$40k-$60k
Data Scientist,"Ethical Hacking, Cyber Defense",PhD,Emerging,$60k-$80k
Environmental Scientist,"Structural Design, CAD",PhD,Stable,$100k-$150k
Economist,"Biology, Lab Research",Bachelor's,High Growth,$80k-$100k
Environmental Scientist,"Cloud Computing, Cybersecurity",Diploma,High Growth,$40k-$60k
Physicist,"Community Outreach, Counseling",Bachelor's,Emerging,$150k+
HR Manager,"User Research, Wireframing",PhD,Emerging,$150k+
Civil Engineer,Environmental Research,Bachelor's,Emerging,$80k-$100k
Nurse,"Ethical Hacking, Cyber Defense",Diploma,Competitive,$60k-$80k
UX Designer,"User Research, Wireframing",High School,Emerging,$40k-$60k
Architect,"Financial Planning, Risk Analysis",Diploma,Competitive,$100k-$150k
Cybersecurity Analyst,"Community Outreach, Counseling",Diploma,Declining,$60k-$80k
Ethical Hacker,"Smart Contracts, Cryptography",PhD,Declining,$40k-$60k
Data Scientist,"Python, Machine Learning, AI",Bachelor's,Stable,$150k+
Financial Analyst,"Financial Planning, Risk Analysis",Bachelor's,Declining,$100k-$150k
Astronomer,Environmental Research,Bachelor's,Declining,$150k+
Blockchain Developer,"Biology, Lab Research",Master's,Competitive,$40k-$60k
Mechanical Engineer,"Problem-Solving, Algorithms",PhD,High Growth,$40k-$60k
Air Traffic Controller,"Community Outreach, Counseling",High School,Declining,$80k-$100k
Social Worker,"Marketing Strategies, SEO",Master's,Stable,$40k-$60k
Blockchain Developer,"Structural Design, CAD",High School,Emerging,$100k-$150k
Astronomer,"Problem-Solving, Algorithms",High School,Stable,$60k-$80k
Nurse,"User Research, Wireframing",Diploma,Emerging,$40k-$60k
Social Worker,"Smart Contracts, Cryptography",High School,High Growth,$60k-$80k
Biotechnologist,"Robot Programming, AI",Master's,High Growth,$40k-$60k
Sports Coach,"Smart Contracts, Cryptography",Diploma,High Growth,$150k+
Electrical Engineer,"Structural Design, CAD",High School,Emerging,$80k-$100k
Pharmacist,"Game Engines, Animation",High School,Competitive,$60k-$80k
Robotics Engineer,"Smart Contracts, Cryptography",High School,Declining,$60k-$80k
Electrical Engineer,"Legal Knowledge, Research",PhD,Emerging,$150k+
Game Developer,"Problem-Solving, Algorithms",Diploma,High Growth,$80k-$100k
Fashion Designer,"User Research, Wireframing",Master's,High Growth,$40k-$60k
Pilot,"Game Engines, Animation",Diploma,Emerging,$150k+
Air Traffic Controller,"Biology, Lab Research",Bachelor's,Stable,$100k-$150k
Blockchain Developer,"Robot Programming, AI",High School,High Growth,$40k-$60k
Architect,"Robot Programming, AI",Bachelor's,Declining,$150k+
Financial Analyst,"Smart Contracts, Cryptography",Master's,High Growth,$60k-$80k
Economist,"Legal Knowledge, Research",Master's,Declining,$60k-$80k
Nurse,"Robot Programming, AI",Bachelor's,High Growth,$60k-$80k
Ethical Hacker,"User Research, Wireframing",High School,Declining,$60k-$80k
Digital Marketer,"Data Analysis, SQL",Diploma,Stable,$100k-$150k
Digital Marketer,"Legal Knowledge, Research",High School,Competitive,$80k-$100k
Event Planner,"Legal Knowledge, Research",Master's,Competitive,$150k+
Game Developer,"Cloud Computing, Cybersecurity",Bachelor's,Competitive,$150k+
Economist,"User Research, Wireframing",Master's,Stable,$150k+
Electrical Engineer,"Robot Programming, AI",Master's,Competitive,$100k-$150k
Journalist,"Python, Machine Learning, AI",Diploma,Declining,$100k-$150k
Event Planner,"Financial Planning, Risk Analysis",Diploma,Emerging,$60k-$80k
Statistician,"Marketing Strategies, SEO",Diploma,Emerging,$60k-$80k
Cybersecurity Analyst,"User Research, Wireframing",Diploma,High Growth,$60k-$80k
Marketing Manager,"Financial Planning, Risk Analysis",Bachelor's,Competitive,$80k-$100k
Event Planner,"Ethical Hacking, Cyber Defense",Diploma,High Growth,$100k-$150k
Physicist,"User Research, Wireframing",Master's,Stable,$60k-$80k
Fashion Designer,"Legal Knowledge, Research",PhD,Declining,$150k+
AI Engineer,"Legal Knowledge, Research",Bachelor's,High Growth,$40k-$60k
Data Scientist,"Robot Programming, AI",Master's,Competitive,$60k-$80k
Sports Coach,"Smart Contracts, Cryptography",Diploma,Stable,$150k+
Chef,"Network Security, Penetration Testing",Diploma,High Growth,$60k-$80k
Astronomer,"Structural Design, CAD",Diploma,Emerging,$40k-$60k
Blockchain Developer,"Network Security, Penetration Testing",Bachelor's,Emerging,$40k-$60k
Electrical Engineer,"Legal Knowledge, Research",Master's,Emerging,$150k+
Fashion Designer,"Game Engines, Animation",Bachelor's,Stable,$40k-$60k
Pilot,"Smart Contracts, Cryptography",Bachelor's,Emerging,$150k+
Blockchain Developer,"Medical Knowledge, Patient Care",High School,High Growth,$150k+
Air Traffic Controller,"User Research, Wireframing",Diploma,Stable,$150k+
Journalist,"Ethical Hacking, Cyber Defense",Master's,High Growth,$80k-$100k
AI Engineer,"Ethical Hacking, Cyber Defense",High School,Declining,$150k+
Software Engineer,"User Research, Wireframing",High School,High Growth,$60k-$80k
Financial Analyst,"User Research, Wireframing",Bachelor's,High Growth,$60k-$80k
Chef,"Network Security, Penetration Testing",Bachelor's,Stable,$100k-$150k
Nurse,"Financial Planning, Risk Analysis",Master's,Emerging,$100k-$150k
Event Planner,"User Research, Wireframing",High School,Declining,$80k-$100k
Astronomer,"Network Security, Penetration Testing",PhD,Emerging,$40k-$60k
Nurse,"Data Analysis, SQL",Master's,High Growth,$60k-$80k
Ethical Hacker,"Network Security, Penetration Testing",High School,High Growth,$40k-$60k
Content Creator,"Marketing Strategies, SEO",High School,High Growth,$40k-$60k
UX Designer,"Data Analysis, SQL",High School,Declining,$100k-$150k
HR Manager,"Medical Knowledge, Patient Care",High School,Stable,$100k-$150k
Financial Analyst,"User Research, Wireframing",Master's,Declining,$40k-$60k
Financial Analyst,"Marketing Strategies, SEO",PhD,Stable,$60k-$80k
Fashion Designer,"Ethical Hacking, Cyber Defense",Bachelor's,Declining,$40k-$60k
Fashion Designer,"Marketing Strategies, SEO",Master's,High Growth,$40k-$60k
Sports Coach,"Legal Knowledge, Research",PhD,Declining,$40k-$60k
Social Worker,"Biology, Lab Research",Diploma,Emerging,$100k-$150k
Software Engineer,"Financial Planning, Risk Analysis",Diploma,Emerging,$40k-$60k
Content Creator,"Ethical Hacking, Cyber Defense",PhD,High Growth,$60k-$80k
Electrical Engineer,"Problem-Solving, Algorithms",Bachelor's,Declining,$150k+
Sports Coach,"Legal Knowledge, Research",High School,Competitive,$100k-$150k
Social Worker,"Financial Planning, Risk Analysis",Bachelor's,Declining,$40k-$60k
Nurse,"Medical Knowledge, Patient Care",Diploma,Declining,$100k-$150k
Astronomer,"Ethical Hacking, Cyber Defense",Diploma,Competitive,$100k-$150k
Psychologist,"Structural Design, CAD",Master's,Emerging,$100k-$150k
Teacher,Environmental Research,PhD,Stable,$100k-$150k
Journalist,"Ethical Hacking, Cyber Defense",Bachelor's,High Growth,$60k-$80k
Civil Engineer,"Biology, Lab Research",Diploma,Competitive,$40k-$60k
Blockchain Developer,"Python, Machine Learning, AI",Bachelor's,Stable,$150k+
Nurse,"Financial Planning, Risk Analysis",High School,Declining,$40k-$60k
Architect,"Financial Planning, Risk Analysis",High School,Stable,$40k-$60k
Architect,"Data Analysis, SQL",High School,High Growth,$60k-$80k
UX Designer,"Community Outreach, Counseling",Bachelor's,Stable,$80k-$100k
Statistician,"Game Engines, Animation",High School,Emerging,$40k-$60k
Blockchain Developer,"Ethical Hacking, Cyber Defense",Diploma,Emerging,$40k-$60k
UX Designer,"Robot Programming, AI",PhD,Stable,$60k-$80k
Sports Coach,"Biology, Lab Research",High School,Stable,$80k-$100k
Software Engineer,"Network Security, Penetration Testing",Master's,Declining,$80k-$100k
Environmental Scientist,"Data Analysis, SQL",Diploma,Emerging,$100k-$150k
Doctor,"Smart Contracts, Cryptography",Diploma,Emerging,$40k-$60k
Digital Marketer,"Community Outreach, Counseling",Diploma,Emerging,$60k-$80k
Civil Engineer,"Ethical Hacking, Cyber Defense",PhD,Declining,$80k-$100k
UX Designer,"Network Security, Penetration Testing",PhD,Emerging,$40k-$60k
Journalist,"Medical Knowledge, Patient Care",Master's,High Growth,$100k-$150k
Biotechnologist,"Medical Knowledge, Patient Care",Master's,Declining,$80k-$100k
Economist,"Medical Knowledge, Patient Care",High School,Stable,$100k-$150k
Game Developer,"Ethical Hacking, Cyber Defense",PhD,Competitive,$150k+
Lawyer,"Marketing Strategies, SEO",Master's,Competitive,$150k+
Content Creator,"User Research, Wireframing",Diploma,Declining,$40k-$60k
Pilot,"Problem-Solving, Algorithms",Master's,Declining,$150k+
Event Planner,"Community Outreach, Counseling",Diploma,Emerging,$150k+
Social Worker,"User Research, Wireframing",Diploma,Competitive,$40k-$60k
Physicist,"Python, Machine Learning, AI",Diploma,Emerging,$150k+
Digital Marketer,"Medical Knowledge, Patient Care",High School,High Growth,$60k-$80k
Cybersecurity Analyst,"Legal Knowledge, Research",Master's,High Growth,$40k-$60k
UX Designer,"Legal Knowledge, Research",Diploma,Emerging,$80k-$100k
Software Engineer,"Financial Planning, Risk Analysis",Diploma,Stable,$60k-$80k
Digital Marketer,"Data Analysis, SQL",Master's,Stable,$40k-$60k
Content Creator,"Legal Knowledge, Research",Master's,Competitive,$40k-$60k
Data Scientist,"Legal Knowledge, Research",Diploma,Stable,$40k-$60k
Pilot,"Biology, Lab Research",Diploma,Emerging,$40k-$60k
Game Developer,"User Research, Wireframing",Bachelor's,High Growth,$60k-$80k
Economist,"Smart Contracts, Cryptography",Diploma,Competitive,$80k-$100k
Statistician,"Game Engines, Animation",High School,Emerging,$150k+
Lawyer,"Smart Contracts, Cryptography",Diploma,Competitive,$40k-$60k
Cybersecurity Analyst,"Community Outreach, Counseling",High School,Emerging,$100k-$150k
Economist,"Marketing Strategies, SEO",PhD,Declining,$100k-$150k
Social Worker,"Structural Design, CAD",High School,Emerging,$150k+
Software Engineer,"Community Outreach, Counseling",Bachelor's,High Growth,$100k-$150k
Robotics Engineer,"Structural Design, CAD",PhD,High Growth,$80k-$100k
Event Planner,"Problem-Solving, Algorithms",Bachelor's,Stable,$150k+
Astronomer,"Legal Knowledge, Research",High School,Stable,$100k-$150k
Physicist,"User Research, Wireframing",Bachelor's,Competitive,$150k+
Marketing Manager,"Smart Contracts, Cryptography",Master's,High Growth,$150k+
Civil Engineer,"Community Outreach, Counseling",Master's,High Growth,$80k-$100k
Statistician,"Marketing Strategies, SEO",High School,Competitive,$100k-$150k
Journalist,"User Research, Wireframing",Bachelor's,Competitive,$80k-$100k
Environmental Scientist,"Biology, Lab Research",Bachelor's,Declining,$80k-$100k
Nurse,"Ethical Hacking, Cyber Defense",Master's,High Growth,$150k+
Blockchain Developer,"Community Outreach, Counseling",Master's,Emerging,$80k-$100k
HR Manager,"Data Analysis, SQL",High School,Stable,$100k-$150k
Fashion Designer,"Financial Planning, Risk Analysis",Diploma,Stable,$40k-$60k
Data Scientist,"Data Analysis, SQL",Diploma,High Growth,$80k-$100k
Mechanical Engineer,"Python, Machine Learning, AI",Master's,Stable,$150k+
Journalist,"Community Outreach, Counseling",High School,Stable,$100k-$150k
Nurse,"Python, Machine Learning, AI",Diploma,High Growth,$80k-$100k
Doctor,"Medical Knowledge, Patient Care",Master's,Emerging,$80k-$100k
Doctor,"Medical Knowledge, Patient Care",Master's,High Growth,$80k-$100k
Marine Biologist,"Financial Planning, Risk Analysis",High School,High Growth,$100k-$150k
Psychologist,"Marketing Strategies, SEO",Bachelor's,Declining,$80k-$100k
Statistician,"User Research, Wireframing",Bachelor's,Stable,$150k+
Mechanical Engineer,Environmental Research,High School,Competitive,$80k-$100k
Event Planner,"Problem-Solving, Algorithms",High School,Declining,$150k+
Biotechnologist,"Game Engines, Animation",High School,Stable,$40k-$60k
Civil Engineer,"Biology, Lab Research",PhD,Emerging,$150k+
Event Planner,"Financial Planning, Risk Analysis",High School,Declining,$150k+
Environmental Scientist,"Cloud Computing, Cybersecurity",High School,High Growth,$100k-$150k
Ethical Hacker,"Biology, Lab Research",Bachelor's,High Growth,$60k-$80k
Biotechnologist,Environmental Research,High School,Emerging,$100k-$150k
Physicist,"Biology, Lab Research",PhD,Emerging,$80k-$100k
Financial Analyst,"User Research, Wireframing",Bachelor's,Emerging,$40k-$60k
Content Creator,"Medical Knowledge, Patient Care",PhD,Stable,$80k-$100k
Sports Coach,Environmental Research,Bachelor's,Declining,$60k-$80k
Chef,"Structural Design, CAD",Master's,Stable,$100k-$150k
Economist,"Community Outreach, Counseling",Bachelor's,High Growth,$150k+
Chef,"Problem-Solving, Algorithms",High School,High Growth,$150k+
Fashion Designer,"Python, Machine Learning, AI",High School,Emerging,$60k-$80k
Biotechnologist,"Robot Programming, AI",Diploma,Stable,$60k-$80k
Doctor,"Structural Design, CAD",Bachelor's,Stable,$150k+
HR Manager,"Game Engines, Animation",Bachelor's,Emerging,$60k-$80k
Marine Biologist,"Problem-Solving, Algorithms",PhD,Emerging,$80k-$100k
Doctor,"Biology, Lab Research",Bachelor's,Declining,$100k-$150k
Astronomer,"Biology, Lab Research",Diploma,Competitive,$80k-$100k
Ethical Hacker,"Marketing Strategies, SEO",Bachelor's,High Growth,$80k-$100k
Digital Marketer,"Structural Design, CAD",PhD,Stable,$150k+
Pilot,"User Research, Wireframing",High School,Stable,$100k-$150k
Content Creator,"Cloud Computing, Cybersecurity",Master's,High Growth,$40k-$60k
Ethical Hacker,"Problem-Solving, Algorithms",Bachelor's,Emerging,$60k-$80k
Digital Marketer,"Legal Knowledge, Research",Diploma,Stable,$80k-$100k
Software Engineer,"Network Security, Penetration Testing",High School,Competitive,$100k-$150k
Sports Coach,"User Research, Wireframing",PhD,Competitive,$80k-$100k
Environmental Scientist,"User Research, Wireframing",PhD,Declining,$80k-$100k
Data Scientist,"Robot Programming, AI",High School,Emerging,$80k-$100k
Game Developer,"Legal Knowledge, Research",Bachelor's,Declining,$60k-$80k
Fashion Designer,"Cloud Computing, Cybersecurity",Master's,Declining,$100k-$150k
Biotechnologist,"Network Security, Penetration Testing",Master's,High Growth,$150k+
Game Developer,"Network Security, Penetration Testing",Diploma,Emerging,$60k-$80k
Doctor,"Ethical Hacking, Cyber Defense",High School,Stable,$60k-$80k
Lawyer,"Medical Knowledge, Patient Care",PhD,Emerging,$80k-$100k
Teacher,"Data Analysis, SQL",PhD,Competitive,$60k-$80k
Physicist,"Python, Machine Learning, AI",Master's,Competitive,$150k+
Ethical Hacker,"Problem-Solving, Algorithms",Bachelor's,Competitive,$100k-$150k
Biotechnologist,"Cloud Computing, Cybersecurity",PhD,Competitive,$100k-$150k
Fashion Designer,"Ethical Hacking, Cyber Defense",Bachelor's,Stable,$60k-$80k
Mechanical Engineer,"Biology, Lab Research",High School,Declining,$100k-$150k
Game Developer,"Structural Design, CAD",Master's,Declining,$100k-$150k
Astronomer,"Robot Programming, AI",Master's,Stable,$100k-$150k
Software Engineer,Environmental Research,Bachelor's,Competitive,$100k-$150k
Teacher,"Community Outreach, Counseling",Diploma,High Growth,$80k-$100k
Astronomer,"Python, Machine Learning, AI",High School,Competitive,$80k-$100k
Psychologist,"Ethical Hacking, Cyber Defense",Master's,High Growth,$150k+
Architect,"Medical Knowledge, Patient Care",Diploma,Stable,$60k-$80k
Mechanical Engineer,"Network Security, Penetration Testing",Diploma,Competitive,$80k-$100k
Astronomer,"Legal Knowledge, Research",PhD,High Growth,$60k-$80k
Software Engineer,"Marketing Strategies, SEO",Bachelor's,Declining,$80k-$100k
Chef,"Robot Programming, AI",Master's,Emerging,$150k+
Fashion Designer,"Cloud Computing, Cybersecurity",Master's,Declining,$150k+
Chef,Environmental Research,Master's,Stable,$100k-$150k
Game Developer,"Structural Design, CAD",PhD,High Growth,$80k-$100k
UX Designer,"Python, Machine Learning, AI",PhD,Competitive,$80k-$100k
Marine Biologist,"Financial Planning, Risk Analysis",PhD,Declining,$60k-$80k
Data Scientist,"Financial Planning, Risk Analysis",High School,Stable,$40k-$60k
Financial Analyst,"Medical Knowledge, Patient Care",PhD,Declining,$80k-$100k
Journalist,"Marketing Strategies, SEO",PhD,Competitive,$100k-$150k
Content Creator,"Ethical Hacking, Cyber Defense",Master's,Competitive,$100k-$150k
Teacher,"Marketing Strategies, SEO",Master's,Emerging,$40k-$60k
Sports Coach,"Problem-Solving, Algorithms",Bachelor's,High Growth,$80k-$100k
Pilot,"Network Security, Penetration Testing",High School,Emerging,$100k-$150k
Journalist,"Cloud Computing, Cybersecurity",Diploma,Declining,$80k-$100k
Digital Marketer,"Problem-Solving, Algorithms",Diploma,Stable,$80k-$100k
Social Worker,"User Research, Wireframing",Diploma,Competitive,$80k-$100k
Civil Engineer,"Financial Planning, Risk Analysis",Bachelor's,Stable,$40k-$60k
Pharmacist,"Marketing Strategies, SEO",Diploma,Competitive,$80k-$100k
Event Planner,"Biology, Lab Research",Bachelor's,Emerging,$80k-$100k
Air Traffic Controller,"Biology, Lab Research",High School,Emerging,$80k-$100k
Environmental Scientist,"User Research, Wireframing",Bachelor's,Emerging,$150k+
Doctor,"Robot Programming, AI",PhD,Emerging,$40k-$60k
Pharmacist,"Biology, Lab Research",High School,Competitive,$80k-$100k
Economist,"Medical Knowledge, Patient Care",Diploma,Competitive,$40k-$60k
Doctor,"Legal Knowledge, Research",PhD,High Growth,$100k-$150k
Lawyer,"Network Security, Penetration Testing",Master's,Stable,$40k-$60k
Psychologist,"Marketing Strategies, SEO",Bachelor's,Declining,$40k-$60k
Physicist,"Community Outreach, Counseling",PhD,Competitive,$60k-$80k
Teacher,"Marketing Strategies, SEO",High School,High Growth,$40k-$60k
Air Traffic Controller,"Game Engines, Animation",Diploma,Stable,$100k-$150k
Electrical Engineer,"Python, Machine Learning, AI",Diploma,Competitive,$60k-$80k
Robotics Engineer,"Marketing Strategies, SEO",Bachelor's,Emerging,$100k-$150k
Pharmacist,"Community Outreach, Counseling",Diploma,High Growth,$150k+
Cybersecurity Analyst,"Smart Contracts, Cryptography",Master's,High Growth,$80k-$100k
Software Engineer,"Community Outreach, Counseling",PhD,Stable,$100k-$150k
Social Worker,"Data Analysis, SQL",Diploma,High Growth,$80k-$100k
Ethical Hacker,"Game Engines, Animation",Master's,Competitive,$40k-$60k
Event Planner,"Ethical Hacking, Cyber Defense",Diploma,High Growth,$100k-$150k
Lawyer,"Robot Programming, AI",Master's,Competitive,$150k+
Fashion Designer,"Biology, Lab Research",High School,Competitive,$80k-$100k
Robotics Engineer,"Network Security, Penetration Testing",Diploma,Competitive,$150k+
HR Manager,"Robot Programming, AI",PhD,Declining,$80k-$100k
Physicist,"Python, Machine Learning, AI",Bachelor's,Emerging,$150k+
Financial Analyst,"Problem-Solving, Algorithms",Master's,Declining,$60k-$80k
Financial Analyst,"Game Engines, Animation",High School,Emerging,$60k-$80k
Psychologist,"Biology, Lab Research",Bachelor's,High Growth,$150k+
HR Manager,"Ethical Hacking, Cyber Defense",PhD,Competitive,$100k-$150k
Game Developer,"Medical Knowledge, Patient Care",High School,Declining,$100k-$150k
Social Worker,"Community Outreach, Counseling",Diploma,Declining,$100k-$150k
Nurse,"Biology, Lab Research",Master's,High Growth,$80k-$100k
Fashion Designer,"Problem-Solving, Algorithms",High School,High Growth,$40k-$60k
Sports Coach,"Community Outreach, Counseling",Master's,Emerging,$60k-$80k
Ethical Hacker,"Community Outreach, Counseling",Master's,Competitive,$40k-$60k
Biotechnologist,"Problem-Solving, Algorithms",PhD,Emerging,$150k+
Astronomer,"Community Outreach, Counseling",High School,Competitive,$60k-$80k
Software Engineer,"Robot Programming, AI",Master's,Declining,$40k-$60k
Sports Coach,"Legal Knowledge, Research",High School,Emerging,$40k-$60k
AI Engineer,"Community Outreach, Counseling",Bachelor's,Stable,$40k-$60k
Pilot,"Marketing Strategies, SEO",Diploma,Stable,$80k-$100k
Blockchain Developer,"Medical Knowledge, Patient Care",PhD,Emerging,$150k+
Blockchain Developer,"Community Outreach, Counseling",Diploma,High Growth,$60k-$80k
Financial Analyst,"Legal Knowledge, Research",Diploma,Stable,$40k-$60k
Electrical Engineer,"Ethical Hacking, Cyber Defense",Master's,Declining,$80k-$100k
Nurse,"Smart Contracts, Cryptography",Master's,Competitive,$100k-$150k
Chef,"Cloud Computing, Cybersecurity",PhD,High Growth,$80k-$100k
Astronomer,"Financial Planning, Risk Analysis",Diploma,Competitive,$150k+
Statistician,"Cloud Computing, Cybersecurity",Diploma,Declining,$60k-$80k
Astronomer,"Legal Knowledge, Research",Diploma,Declining,$100k-$150k
Sports Coach,"Smart Contracts, Cryptography",High School,Competitive,$60k-$80k
Financial Analyst,"Ethical Hacking, Cyber Defense",High School,Stable,$150k+
Sports Coach,"Biology, Lab Research",Bachelor's,High Growth,$40k-$60k
Biotechnologist,"Game Engines, Animation",Master's,Stable,$100k-$150k
Statistician,"Community Outreach, Counseling",Bachelor's,Competitive,$60k-$80k
Chef,"Problem-Solving, Algorithms",Bachelor's,Stable,$40k-$60k
Marketing Manager,"Robot Programming, AI",Master's,Competitive,$40k-$60k
Journalist,"Game Engines, Animation",High School,Competitive,$100k-$150k
Digital Marketer,"Biology, Lab Research",Bachelor's,Competitive,$80k-$100k
Marine Biologist,"Robot Programming, AI",High School,Declining,$60k-$80k
Astronomer,"Python, Machine Learning, AI",High School,High Growth,$100k-$150k
Nurse,"Ethical Hacking, Cyber Defense",Master's,Emerging,$40k-$60k
Architect,"Marketing Strategies, SEO",Master's,Competitive,$60k-$80k
Blockchain Developer,"Structural Design, CAD",Master's,Competitive,$60k-$80k
Architect,"Financial Planning, Risk Analysis",PhD,Emerging,$100k-$150k
Pilot,"Medical Knowledge, Patient Care",Bachelor's,Stable,$100k-$150k
Economist,"Smart Contracts, Cryptography",PhD,High Growth,$60k-$80k
AI Engineer,"Data Analysis, SQL",Master's,Emerging,$150k+
Pharmacist,"Financial Planning, Risk Analysis",High School,Competitive,$150k+
Economist,"Cloud Computing, Cybersecurity",Master's,Declining,$80k-$100k
Ethical Hacker,"Game Engines, Animation",PhD,Competitive,$60k-$80k
Data Scientist,"Problem-Solving, Algorithms",Master's,Stable,$100k-$150k
Teacher,"Community Outreach, Counseling",PhD,Competitive,$100k-$150k
Robotics Engineer,"Ethical Hacking, Cyber Defense",Master's,Emerging,$60k-$80k
Doctor,"Financial Planning, Risk Analysis",Bachelor's,High Growth,$80k-$100k
Pharmacist,"Python, Machine Learning, AI",PhD,High Growth,$100k-$150k
Environmental Scientist,"Ethical Hacking, Cyber Defense",Diploma,Competitive,$40k-$60k
Lawyer,"Smart Contracts, Cryptography",Diploma,Emerging,$60k-$80k
Lawyer,"Python, Machine Learning, AI",Bachelor's,Stable,$40k-$60k
Digital Marketer,"Problem-Solving, Algorithms",PhD,Competitive,$40k-$60k
Electrical Engineer,"Python, Machine Learning, AI",PhD,Stable,$60k-$80k
Environmental Scientist,"Cloud Computing, Cybersecurity",Bachelor's,Competitive,$40k-$60k
Data Scientist,"Biology, Lab Research",Bachelor's,Declining,$100k-$150k
Statistician,"Legal Knowledge, Research",Bachelor's,Competitive,$80k-$100k
Astronomer,"Biology, Lab Research",PhD,High Growth,$60k-$80k
Content Creator,"Python, Machine Learning, AI",Bachelor's,Emerging,$100k-$150k
AI Engineer,"Network Security, Penetration Testing",Diploma,Stable,$60k-$80k
UX Designer,"Biology, Lab Research",PhD,Competitive,$150k+
Pharmacist,"Cloud Computing, Cybersecurity",Master's,Stable,$100k-$150k
Cybersecurity Analyst,"Robot Programming, AI",Bachelor's,High Growth,$80k-$100k
Pharmacist,"Robot Programming, AI",PhD,Stable,$40k-$60k
Marine Biologist,"Python, Machine Learning, AI",Bachelor's,Competitive,$60k-$80k
Journalist,"Community Outreach, Counseling",Diploma,Declining,$60k-$80k
Astronomer,"Medical Knowledge, Patient Care",Master's,High Growth,$100k-$150k
Mechanical Engineer,"Financial Planning, Risk Analysis",High School,Emerging,$80k-$100k
Mechanical Engineer,"Biology, Lab Research",Master's,Stable,$150k+
Ethical Hacker,"Marketing Strategies, SEO",Diploma,Competitive,$100k-$150k
Nurse,"Biology, Lab Research",Master's,Stable,$80k-$100k
Data Scientist,"Financial Planning, Risk Analysis",Bachelor's,High Growth,$100k-$150k
UX Designer,"Structural Design, CAD",Bachelor's,High Growth,$150k+
Air Traffic Controller,"Cloud Computing, Cybersecurity",PhD,Declining,$40k-$60k
Nurse,"Game Engines, Animation",High School,Competitive,$60k-$80k
AI Engineer,Environmental Research,Master's,High Growth,$40k-$60k
Game Developer,"Medical Knowledge, Patient Care",Diploma,Declining,$60k-$80k
Financial Analyst,Environmental Research,PhD,Competitive,$40k-$60k
Economist,"Legal Knowledge, Research",Bachelor's,High Growth,$60k-$80k
Marketing Manager,"Python, Machine Learning, AI",PhD,Competitive,$40k-$60k
Economist,"Legal Knowledge, Research",High School,Declining,$40k-$60k
Digital Marketer,"Medical Knowledge, Patient Care",Diploma,Competitive,$80k-$100k
Astronomer,"Data Analysis, SQL",High School,Declining,$80k-$100k
Financial Analyst,"Network Security, Penetration Testing",High School,Declining,$40k-$60k
Cybersecurity Analyst,"Smart Contracts, Cryptography",High School,Declining,$60k-$80k
Mechanical Engineer,"Marketing Strategies, SEO",Diploma,Competitive,$40k-$60k
Air Traffic Controller,"Structural Design, CAD",PhD,High Growth,$80k-$100k
Marine Biologist,Environmental Research,Bachelor's,High Growth,$40k-$60k
Ethical Hacker,Environmental Research,High School,Declining,$80k-$100k
Environmental Scientist,Environmental Research,High School,Competitive,$100k-$150k
Nurse,"Ethical Hacking, Cyber Defense",Master's,High Growth,$80k-$100k
Digital Marketer,"Biology, Lab Research",PhD,Competitive,$40k-$60k
UX Designer,"Game Engines, Animation",PhD,Declining,$80k-$100k
Social Worker,"Financial Planning, Risk Analysis",PhD,High Growth,$150k+
Electrical Engineer,"Biology, Lab Research",Master's,Declining,$150k+
Physicist,"Python, Machine Learning, AI",Master's,Competitive,$80k-$100k
Physicist,"Smart Contracts, Cryptography",PhD,Competitive,$150k+
Statistician,Environmental Research,Diploma,Stable,$40k-$60k
Data Scientist,"Smart Contracts, Cryptography",Master's,Emerging,$80k-$100k
Nurse,"Marketing Strategies, SEO",Bachelor's,Declining,$80k-$100k
Journalist,"Network Security, Penetration Testing",High School,Competitive,$80k-$100k
Astronomer,"Cloud Computing, Cybersecurity",Diploma,Stable,$40k-$60k
Lawyer,"Data Analysis, SQL",Bachelor's,Stable,$60k-$80k
Economist,"Game Engines, Animation",High School,Competitive,$80k-$100k
Mechanical Engineer,"Smart Contracts, Cryptography",High School,Emerging,$80k-$100k
Data Scientist,"Ethical Hacking, Cyber Defense",Master's,High Growth,$40k-$60k
Statistician,"Structural Design, CAD",Master's,Emerging,$40k-$60k
Physicist,"Marketing Strategies, SEO",PhD,Stable,$80k-$100k
Event Planner,"Problem-Solving, Algorithms",Master's,Competitive,$40k-$60k
Biotechnologist,"Problem-Solving, Algorithms",Bachelor's,Competitive,$100k-$150k
Architect,"Medical Knowledge, Patient Care",Diploma,Emerging,$150k+
Content Creator,"Cloud Computing, Cybersecurity",Diploma,High Growth,$80k-$100k
Cybersecurity Analyst,"Data Analysis, SQL",Master's,Competitive,$150k+
Robotics Engineer,"Financial Planning, Risk Analysis",Bachelor's,Emerging,$80k-$100k
Statistician,"Community Outreach, Counseling",Bachelor's,Declining,$100k-$150k
Ethical Hacker,"Legal Knowledge, Research",PhD,Emerging,$150k+
Environmental Scientist,"Network Security, Penetration Testing",PhD,Emerging,$40k-$60k
Pilot,"Medical Knowledge, Patient Care",Diploma,Competitive,$40k-$60k
Psychologist,"Data Analysis, SQL",Bachelor's,Declining,$60k-$80k
Software Engineer,"Legal Knowledge, Research",PhD,Emerging,$150k+
Software Engineer,"Problem-Solving, Algorithms",Bachelor's,Declining,$150k+
AI Engineer,"Marketing Strategies, SEO",Diploma,Competitive,$150k+
Blockchain Developer,"Financial Planning, Risk Analysis",PhD,Declining,$60k-$80k
Blockchain Developer,"Community Outreach, Counseling",Diploma,Competitive,$80k-$100k
Air Traffic Controller,"Cloud Computing, Cybersecurity",High School,Declining,$40k-$60k
Pilot,"Robot Programming, AI",Master's,High Growth,$60k-$80k
Psychologist,"Marketing Strategies, SEO",Diploma,High Growth,$100k-$150k
Air Traffic Controller,"Legal Knowledge, Research",Bachelor's,High Growth,$80k-$100k
AI Engineer,"Data Analysis, SQL",High School,Declining,$40k-$60k
Pharmacist,"Smart Contracts, Cryptography",Master's,High Growth,$40k-$60k
Event Planner,"Network Security, Penetration Testing",PhD,Emerging,$60k-$80k
Mechanical Engineer,"User Research, Wireframing",PhD,High Growth,$80k-$100k
Cybersecurity Analyst,"Biology, Lab Research",Bachelor's,Emerging,$40k-$60k
Teacher,"Data Analysis, SQL",Diploma,High Growth,$100k-$150k
Sports Coach,"Python, Machine Learning, AI",Master's,Competitive,$150k+
Electrical Engineer,"Python, Machine Learning, AI",Master's,Declining,$40k-$60k
Pharmacist,"Legal Knowledge, Research",Diploma,Declining,$40k-$60k
Electrical Engineer,"Cloud Computing, Cybersecurity",High School,High Growth,$100k-$150k
HR Manager,"User Research, Wireframing",Diploma,High Growth,$150k+
Marketing Manager,"User Research, Wireframing",Bachelor's,High Growth,$40k-$60k
Marine Biologist,Environmental Research,PhD,High Growth,$80k-$100k
Marine Biologist,Environmental Research,Master's,Competitive,$150k+
Architect,"Legal Knowledge, Research",Diploma,Stable,$80k-$100k
Robotics Engineer,"User Research, Wireframing",Master's,Emerging,$80k-$100k
Environmental Scientist,"Data Analysis, SQL",Bachelor's,Stable,$40k-$60k
Social Worker,"Cloud Computing, Cybersecurity",Diploma,Competitive,$60k-$80k
Fashion Designer,"Smart Contracts, Cryptography",Bachelor's,Emerging,$150k+
Statistician,"Ethical Hacking, Cyber Defense",Diploma,High Growth,$80k-$100k
Financial Analyst,"Marketing Strategies, SEO",Diploma,Competitive,$100k-$150k
Journalist,"Cloud Computing, Cybersecurity",Diploma,Stable,$100k-$150k
Statistician,"Structural Design, CAD",Bachelor's,Declining,$60k-$80k
Blockchain Developer,"Smart Contracts, Cryptography",Diploma,High Growth,$150k+
Air Traffic Controller,"Robot Programming, AI",High School,Stable,$40k-$60k
Pharmacist,"Problem-Solving, Algorithms",Diploma,Emerging,$100k-$150k
Teacher,"Marketing Strategies, SEO",Bachelor's,Declining,$80k-$100k
Nurse,"Game Engines, Animation",Bachelor's,High Growth,$40k-$60k
Journalist,Environmental Research,Diploma,Emerging,$40k-$60k
Software Engineer,"Community Outreach, Counseling",Diploma,Stable,$150k+
Content Creator,"Community Outreach, Counseling",High School,Competitive,$150k+
Environmental Scientist,Environmental Research,High School,Declining,$80k-$100k
HR Manager,Environmental Research,Bachelor's,High Growth,$40k-$60k
HR Manager,"Structural Design, CAD",PhD,Declining,$40k-$60k
Mechanical Engineer,"Biology, Lab Research",PhD,High Growth,$80k-$100k
Architect,"Biology, Lab Research",Diploma,Competitive,$60k-$80k
Pharmacist,"Data Analysis, SQL",PhD,High Growth,$150k+
Social Worker,"Biology, Lab Research",PhD,Emerging,$150k+
Marine Biologist,"Financial Planning, Risk Analysis",PhD,Stable,$40k-$60k
Pharmacist,"User Research, Wireframing",High School,Competitive,$100k-$150k
Marine Biologist,"Problem-Solving, Algorithms",Diploma,Competitive,$100k-$150k
Nurse,"Medical Knowledge, Patient Care",Diploma,High Growth,$100k-$150k
Ethical Hacker,Environmental Research,High School,Competitive,$80k-$100k
Marketing Manager,"Game Engines, Animation",Master's,Declining,$60k-$80k
Doctor,"Game Engines, Animation",Bachelor's,Stable,$40k-$60k
Data Scientist,"Biology, Lab Research",Master's,Competitive,$150k+
Software Engineer,"Marketing Strategies, SEO",High School,High Growth,$150k+
UX Designer,"User Research, Wireframing",Diploma,High Growth,$60k-$80k
Game Developer,"Structural Design, CAD",Diploma,Competitive,$100k-$150k
Fashion Designer,"Network Security, Penetration Testing",PhD,High Growth,$60k-$80k
Event Planner,"Robot Programming, AI",High School,Stable,$100k-$150k
Nurse,"Marketing Strategies, SEO",Bachelor's,Declining,$100k-$150k
Biotechnologist,"Marketing Strategies, SEO",Diploma,Stable,$150k+
Mechanical Engineer,"Community Outreach, Counseling",High School,Stable,$80k-$100k
Journalist,"Marketing Strategies, SEO",Diploma,Stable,$40k-$60k
Air Traffic Controller,"Data Analysis, SQL",Diploma,Stable,$80k-$100k
Fashion Designer,"Game Engines, Animation",Bachelor's,Competitive,$150k+
Pilot,"Robot Programming, AI",Diploma,Declining,$60k-$80k
Cybersecurity Analyst,"Smart Contracts, Cryptography",PhD,Competitive,$100k-$150k
Software Engineer,"Problem-Solving, Algorithms",Bachelor's,Emerging,$60k-$80k
Architect,"Data Analysis, SQL",Master's,Competitive,$150k+
Biotechnologist,"User Research, Wireframing",High School,Competitive,$100k-$150k
HR Manager,"Medical Knowledge, Patient Care",Bachelor's,Competitive,$60k-$80k
Mechanical Engineer,"Biology, Lab Research",Bachelor's,Competitive,$40k-$60k
AI Engineer,"Financial Planning, Risk Analysis",PhD,Declining,$150k+
Pilot,"Community Outreach, Counseling",Bachelor's,Stable,$40k-$60k
Architect,"Cloud Computing, Cybersecurity",Diploma,Declining,$60k-$80k
HR Manager,"Ethical Hacking, Cyber Defense",High School,Competitive,$100k-$150k
Civil Engineer,"Problem-Solving, Algorithms",Diploma,Emerging,$150k+
Air Traffic Controller,"Medical Knowledge, Patient Care",Master's,Emerging,$60k-$80k
Game Developer,"Community Outreach, Counseling",PhD,Competitive,$150k+
Environmental Scientist,"Medical Knowledge, Patient Care",High School,High Growth,$40k-$60k
Data Scientist,"Cloud Computing, Cybersecurity",Master's,Stable,$40k-$60k
Software Engineer,"Ethical Hacking, Cyber Defense",Diploma,Emerging,$60k-$80k
Psychologist,"Smart Contracts, Cryptography",Diploma,Declining,$100k-$150k
Cybersecurity Analyst,"Financial Planning, Risk Analysis",Bachelor's,Competitive,$100k-$150k
Nurse,"Medical Knowledge, Patient Care",PhD,High Growth,$60k-$80k
Cybersecurity Analyst,"Robot Programming, AI",High School,Emerging,$80k-$100k
Environmental Scientist,"Network Security, Penetration Testing",Bachelor's,Competitive,$80k-$100k
AI Engineer,"Medical Knowledge, Patient Care",Diploma,Emerging,$60k-$80k
Electrical Engineer,"Biology, Lab Research",Diploma,Competitive,$40k-$60k
Digital Marketer,"Problem-Solving, Algorithms",PhD,Stable,$100k-$150k
Astronomer,"Data Analysis, SQL",PhD,Stable,$150k+
Data Scientist,"Smart Contracts, Cryptography",PhD,Emerging,$80k-$100k
HR Manager,"Python, Machine Learning, AI",High School,Declining,$100k-$150k
Blockchain Developer,"Game Engines, Animation",Master's,Declining,$150k+
Biotechnologist,"Network Security, Penetration Testing",PhD,Stable,$80k-$100k
Ethical Hacker,"Smart Contracts, Cryptography",Master's,High Growth,$80k-$100k
Biotechnologist,"Game Engines, Animation",High School,Declining,$60k-$80k
HR Manager,"Cloud Computing, Cybersecurity",High School,High Growth,$80k-$100k
Digital Marketer,"Medical Knowledge, Patient Care",PhD,Emerging,$60k-$80k
Psychologist,"Data Analysis, SQL",Master's,Stable,$100k-$150k
Air Traffic Controller,"Ethical Hacking, Cyber Defense",High School,Stable,$40k-$60k
Psychologist,"Game Engines, Animation",High School,Stable,$60k-$80k
Blockchain Developer,"Biology, Lab Research",Diploma,Stable,$100k-$150k
